{
  "model_type": "xgboost",
  "n_train": 1756,
  "n_val": 440,
  "brier_raw": 0.14168959856033325,
  "brier_calibrated": 0.13254590332508087,
  "ece": 6.790188221606435e-09,
  "accuracy": 0.8340909090909091,
  "feature_importance": {
    "nws_t24_forecast_high_f": 0.036329708993434906,
    "nws_t24_forecast_low_f": 0.03372139111161232,
    "nws_t24_precip_prob": 0.0,
    "nws_t24_humidity_pct": 0.0,
    "nws_t12_forecast_high_f": 0.03802895545959473,
    "nws_t12_forecast_low_f": 0.04498794302344322,
    "nws_t12_precip_prob": 0.0,
    "nws_t12_humidity_pct": 0.0,
    "nws_t6_forecast_high_f": 0.0,
    "nws_t6_forecast_low_f": 0.0,
    "nws_t6_precip_prob": 0.0,
    "nws_t6_humidity_pct": 0.0,
    "nws_t3_forecast_high_f": 0.0,
    "nws_t3_forecast_low_f": 0.0,
    "nws_t3_precip_prob": 0.0,
    "nws_t3_humidity_pct": 0.0,
    "ow_t24_forecast_high_f": 0.0,
    "ow_t24_forecast_low_f": 0.0,
    "ow_t24_precip_prob": 0.0,
    "ow_t24_humidity_pct": 0.0,
    "ow_t12_forecast_high_f": 0.0,
    "ow_t12_forecast_low_f": 0.0,
    "ow_t12_precip_prob": 0.0,
    "ow_t12_humidity_pct": 0.0,
    "ow_t6_forecast_high_f": 0.0,
    "ow_t6_forecast_low_f": 0.0,
    "ow_t6_precip_prob": 0.0,
    "ow_t6_humidity_pct": 0.0,
    "ow_t3_forecast_high_f": 0.0,
    "ow_t3_forecast_low_f": 0.0,
    "ow_t3_precip_prob": 0.0,
    "ow_t3_humidity_pct": 0.0,
    "day_of_year": 0.03587593510746956,
    "month": 0.0388837531208992,
    "clim_mean_high": 0.02806605026125908,
    "clim_std_high": 0.02565847523510456,
    "threshold_f": 0.03949885815382004,
    "is_bucket_market": 0.024569617584347725,
    "is_above_threshold": 0.05604341998696327,
    "nws_t24_clim_dev": 0.038651857525110245,
    "nws_t24_threshold_dev": 0.04282262176275253,
    "nws_t24_threshold_dev_signed": 0.06385479122400284,
    "nws_t12_clim_dev": 0.031304650008678436,
    "nws_t12_threshold_dev": 0.042104322463274,
    "nws_t12_threshold_dev_signed": 0.05441475659608841,
    "nws_t6_clim_dev": 0.035986196249723434,
    "nws_t6_threshold_dev": 0.042060740292072296,
    "nws_t6_threshold_dev_signed": 0.10798245668411255,
    "nws_t3_clim_dev": 0.018133388832211494,
    "nws_t3_threshold_dev": 0.0,
    "nws_t3_threshold_dev_signed": 0.05239054933190346,
    "ow_t24_clim_dev": 0.0,
    "ow_t24_threshold_dev": 0.03343651443719864,
    "ow_t24_threshold_dev_signed": 0.0,
    "ow_t12_clim_dev": 0.0,
    "ow_t12_threshold_dev": 0.03519298508763313,
    "ow_t12_threshold_dev_signed": 0.0,
    "ow_t6_clim_dev": 0.0,
    "ow_t6_threshold_dev": 0.0,
    "ow_t6_threshold_dev_signed": 0.0,
    "ow_t3_clim_dev": 0.0,
    "ow_t3_threshold_dev": 0.0,
    "ow_t3_threshold_dev_signed": 0.0
  }
}