{
  "model_type": "xgboost",
  "n_train": 1756,
  "n_val": 440,
  "brier_raw": 0.13256524503231049,
  "brier_calibrated": 0.13129840791225433,
  "ece": 3.3188949850692703e-09,
  "accuracy": 0.8340909090909091,
  "feature_importance": {
    "nws_t24_forecast_high_f": 0.04614432156085968,
    "nws_t24_forecast_low_f": 0.05171867087483406,
    "nws_t24_precip_prob": 0.0,
    "nws_t24_humidity_pct": 0.0,
    "nws_t12_forecast_high_f": 0.04688246548175812,
    "nws_t12_forecast_low_f": 0.03613590449094772,
    "nws_t12_precip_prob": 0.0,
    "nws_t12_humidity_pct": 0.0,
    "nws_t6_forecast_high_f": 0.0,
    "nws_t6_forecast_low_f": 0.0,
    "nws_t6_precip_prob": 0.0,
    "nws_t6_humidity_pct": 0.0,
    "nws_t3_forecast_high_f": 0.0,
    "nws_t3_forecast_low_f": 0.0,
    "nws_t3_precip_prob": 0.0,
    "nws_t3_humidity_pct": 0.0,
    "ow_t24_forecast_high_f": 0.0,
    "ow_t24_forecast_low_f": 0.0,
    "ow_t24_precip_prob": 0.0,
    "ow_t24_humidity_pct": 0.0,
    "ow_t12_forecast_high_f": 0.0,
    "ow_t12_forecast_low_f": 0.0,
    "ow_t12_precip_prob": 0.0,
    "ow_t12_humidity_pct": 0.0,
    "ow_t6_forecast_high_f": 0.0,
    "ow_t6_forecast_low_f": 0.0,
    "ow_t6_precip_prob": 0.0,
    "ow_t6_humidity_pct": 0.0,
    "ow_t3_forecast_high_f": 0.0,
    "ow_t3_forecast_low_f": 0.0,
    "ow_t3_precip_prob": 0.0,
    "ow_t3_humidity_pct": 0.0,
    "day_of_year": 0.052560143172740936,
    "month": 0.05557442456483841,
    "clim_mean_high": 0.04554423689842224,
    "clim_std_high": 0.03138256445527077,
    "threshold_f": 0.0651874914765358,
    "nws_t24_clim_dev": 0.05676737427711487,
    "nws_t24_threshold_dev": 0.08992432057857513,
    "nws_t12_clim_dev": 0.05805090814828873,
    "nws_t12_threshold_dev": 0.10472237318754196,
    "nws_t6_clim_dev": 0.05674608051776886,
    "nws_t6_threshold_dev": 0.05946587026119232,
    "nws_t3_clim_dev": 0.05639998987317085,
    "nws_t3_threshold_dev": 0.015554857440292835,
    "ow_t24_clim_dev": 0.0,
    "ow_t24_threshold_dev": 0.0,
    "ow_t12_clim_dev": 0.0,
    "ow_t12_threshold_dev": 0.07123802602291107,
    "ow_t6_clim_dev": 0.0,
    "ow_t6_threshold_dev": 0.0,
    "ow_t3_clim_dev": 0.0,
    "ow_t3_threshold_dev": 0.0
  }
}